name,label
belugas/00000023.jpg,belugas
belugas/00000088.jpg,belugas
belugas/00000195.jpg,belugas
belugas/00000152.jpg,belugas
belugas/00000124.jpg,belugas
belugas/00000033.jpg,belugas
belugas/00000136.jpg,belugas
belugas/00000305.jpg,belugas
belugas/00000269.jpg,belugas
belugas/00000266.jpg,belugas
belugas/00000264.jpg,belugas
belugas/00000012.jpg,belugas
belugas/00000293.jpg,belugas
belugas/00000265.jpg,belugas
belugas/00000188.jpg,belugas
belugas/00000160.jpg,belugas
belugas/00000262.jpg,belugas
belugas/00000189.jpg,belugas
belugas/00000211.jpg,belugas
belugas/00000087.jpg,belugas
belugas/00000037.jpg,belugas
belugas/00000244.jpg,belugas
belugas/00000203.jpg,belugas
belugas/00000277.jpg,belugas
belugas/00000019.jpg,belugas
belugas/00000179.jpg,belugas
belugas/00000057.jpg,belugas
belugas/00000290.jpg,belugas
belugas/00000239.jpg,belugas
belugas/00000214.jpg,belugas
belugas/00000254.jpg,belugas
belugas/00000278.jpg,belugas
belugas/00000105.jpg,belugas
belugas/00000227.jpg,belugas
belugas/00000237.jpg,belugas
belugas/00000137.jpg,belugas
belugas/00000091.jpg,belugas
belugas/00000285.jpg,belugas
belugas/00000310.jpg,belugas
belugas/00000082.jpg,belugas
belugas/00000224.jpg,belugas
belugas/00000089.jpg,belugas
belugas/00000051.jpg,belugas
belugas/00000099.jpg,belugas
belugas/00000112.jpg,belugas
belugas/00000070.jpg,belugas
belugas/00000067.jpg,belugas
belugas/00000167.jpg,belugas
belugas/00000081.jpg,belugas
belugas/00000056.jpg,belugas
belugas/00000173.jpg,belugas
belugas/00000226.jpg,belugas
belugas/00000109.jpg,belugas
belugas/00000030.jpg,belugas
belugas/00000170.jpg,belugas
belugas/00000133.jpg,belugas
belugas/00000263.jpg,belugas
belugas/00000247.jpg,belugas
belugas/00000286.jpg,belugas
belugas/00000050.jpg,belugas
belugas/00000311.jpg,belugas
belugas/00000003.jpg,belugas
belugas/00000034.jpg,belugas
belugas/00000066.jpg,belugas
belugas/00000009.jpg,belugas
belugas/00000318.jpg,belugas
belugas/00000145.jpg,belugas
belugas/00000232.jpg,belugas
belugas/00000135.jpg,belugas
belugas/00000020.jpg,belugas
belugas/00000246.jpg,belugas
belugas/00000183.jpg,belugas
belugas/00000292.jpg,belugas
belugas/00000113.jpg,belugas
belugas/00000155.jpg,belugas
belugas/00000029.jpg,belugas
belugas/00000114.jpg,belugas
belugas/00000185.jpg,belugas
belugas/00000015.jpg,belugas
belugas/00000271.jpg,belugas
belugas/00000006.jpg,belugas
belugas/00000298.jpg,belugas
belugas/00000060.jpg,belugas
belugas/00000234.jpg,belugas
belugas/00000138.jpg,belugas
belugas/00000283.jpg,belugas
belugas/00000102.jpg,belugas
belugas/00000209.jpg,belugas
belugas/00000074.jpg,belugas
belugas/00000129.jpg,belugas
belugas/00000229.jpg,belugas
belugas/00000071.jpg,belugas
belugas/00000181.jpg,belugas
belugas/00000255.jpg,belugas
belugas/00000110.jpg,belugas
belugas/00000168.jpg,belugas
belugas/00000036.jpg,belugas
belugas/00000139.jpg,belugas
belugas/00000043.jpg,belugas
belugas/00000251.jpg,belugas
belugas/00000027.jpg,belugas
belugas/00000193.jpg,belugas
belugas/00000053.jpg,belugas
belugas/00000008.jpg,belugas
belugas/00000231.jpg,belugas
belugas/00000291.jpg,belugas
belugas/00000186.jpg,belugas
belugas/00000241.jpg,belugas
belugas/00000253.jpg,belugas
belugas/00000107.jpg,belugas
belugas/00000197.jpg,belugas
belugas/00000150.jpg,belugas
belugas/00000021.jpg,belugas
belugas/00000125.jpg,belugas
belugas/00000319.jpg,belugas
belugas/00000190.jpg,belugas
belugas/00000289.jpg,belugas
belugas/00000270.jpg,belugas
belugas/00000191.jpg,belugas
belugas/00000300.jpg,belugas
belugas/00000258.jpg,belugas
belugas/00000307.jpg,belugas
belugas/00000039.jpg,belugas
belugas/00000165.jpg,belugas
belugas/00000153.jpg,belugas
belugas/00000296.jpg,belugas
belugas/00000068.jpg,belugas
belugas/00000106.jpg,belugas
belugas/00000134.jpg,belugas
belugas/00000159.jpg,belugas
belugas/00000146.jpg,belugas
belugas/00000256.jpg,belugas
belugas/00000143.jpg,belugas
belugas/00000044.jpg,belugas
belugas/00000275.jpg,belugas
belugas/00000025.jpg,belugas
belugas/00000279.jpg,belugas
belugas/00000312.jpg,belugas
belugas/00000052.jpg,belugas
belugas/00000064.jpg,belugas
belugas/00000065.jpg,belugas
belugas/00000315.jpg,belugas
belugas/00000242.jpg,belugas
belugas/00000200.jpg,belugas
belugas/00000157.jpg,belugas
belugas/00000225.jpg,belugas
belugas/00000201.jpg,belugas
belugas/00000014.jpg,belugas
belugas/00000117.jpg,belugas
belugas/00000282.jpg,belugas
belugas/00000063.jpg,belugas
belugas/00000151.jpg,belugas
belugas/00000103.jpg,belugas
belugas/00000276.jpg,belugas
belugas/00000206.jpg,belugas
belugas/00000250.jpg,belugas
belugas/00000086.jpg,belugas
belugas/00000196.jpg,belugas
belugas/00000026.jpg,belugas
belugas/00000257.jpg,belugas
belugas/00000156.jpg,belugas
belugas/00000085.jpg,belugas
belugas/00000236.jpg,belugas
belugas/00000140.jpg,belugas
belugas/00000176.jpg,belugas
belugas/00000199.jpg,belugas
belugas/00000100.jpg,belugas
belugas/00000208.jpg,belugas
belugas/00000308.jpg,belugas
belugas/00000161.jpg,belugas
belugas/00000096.jpg,belugas
belugas/00000280.jpg,belugas
belugas/00000098.jpg,belugas
belugas/00000178.jpg,belugas
belugas/00000213.jpg,belugas
belugas/00000187.jpg,belugas
belugas/00000164.jpg,belugas
belugas/00000059.jpg,belugas
belugas/00000131.jpg,belugas
belugas/00000115.jpg,belugas
belugas/00000116.jpg,belugas
belugas/00000166.jpg,belugas
belugas/00000299.jpg,belugas
belugas/00000013.jpg,belugas
belugas/00000149.jpg,belugas
belugas/00000245.jpg,belugas
belugas/00000147.jpg,belugas
belugas/00000304.jpg,belugas
belugas/00000062.jpg,belugas
belugas/00000177.jpg,belugas
belugas/00000130.jpg,belugas
belugas/00000120.jpg,belugas
belugas/00000080.jpg,belugas
belugas/00000154.jpg,belugas
belugas/00000111.jpg,belugas
belugas/00000314.jpg,belugas
belugas/00000272.jpg,belugas
belugas/00000095.jpg,belugas
belugas/00000077.jpg,belugas
belugas/00000017.jpg,belugas
belugas/00000260.jpg,belugas
belugas/00000295.jpg,belugas
belugas/00000302.jpg,belugas
belugas/00000204.jpg,belugas
belugas/00000222.jpg,belugas
belugas/00000045.jpg,belugas
belugas/00000198.jpg,belugas
belugas/00000297.jpg,belugas
belugas/00000233.jpg,belugas
belugas/00000294.jpg,belugas
belugas/00000093.jpg,belugas
belugas/00000259.jpg,belugas
belugas/00000230.jpg,belugas
belugas/00000287.jpg,belugas
belugas/00000252.jpg,belugas
belugas/00000174.jpg,belugas
belugas/00000079.jpg,belugas
belugas/00000061.jpg,belugas
belugas/00000288.jpg,belugas
belugas/00000223.jpg,belugas
belugas/00000132.jpg,belugas
belugas/00000182.jpg,belugas
belugas/00000249.jpg,belugas
belugas/00000284.jpg,belugas
belugas/00000240.jpg,belugas
belugas/00000212.jpg,belugas
belugas/00000122.jpg,belugas
belugas/00000148.jpg,belugas
belugas/00000220.jpg,belugas
belugas/00000031.jpg,belugas
belugas/00000268.jpg,belugas
belugas/00000248.jpg,belugas
belugas/00000219.jpg,belugas
belugas/00000235.jpg,belugas
belugas/00000217.jpg,belugas
belugas/00000273.jpg,belugas
belugas/00000317.jpg,belugas
belugas/00000028.jpg,belugas
belugas/00000218.jpg,belugas
belugas/00000097.jpg,belugas
belugas/00000221.jpg,belugas
belugas/00000010.jpg,belugas
belugas/00000215.jpg,belugas
belugas/00000243.jpg,belugas
belugas/00000301.jpg,belugas
belugas/00000281.jpg,belugas
belugas/00000001.jpg,belugas
belugas/00000007.jpg,belugas
belugas/00000274.jpg,belugas
belugas/00000207.jpg,belugas
belugas/00000123.jpg,belugas
belugas/00000228.jpg,belugas
belugas/00000032.jpg,belugas
belugas/00000035.jpg,belugas
dolphins/00000023.jpg,dolphins
dolphins/00000011.jpg,dolphins
dolphins/00000088.jpg,dolphins
dolphins/00000195.jpg,dolphins
dolphins/00000152.jpg,dolphins
dolphins/00000124.jpg,dolphins
dolphins/00000033.jpg,dolphins
dolphins/00000136.jpg,dolphins
dolphins/00000305.jpg,dolphins
dolphins/00000075.jpg,dolphins
dolphins/00000269.jpg,dolphins
dolphins/00000162.jpg,dolphins
dolphins/00000266.jpg,dolphins
dolphins/00000012.jpg,dolphins
dolphins/00000293.jpg,dolphins
dolphins/00000265.jpg,dolphins
dolphins/00000188.jpg,dolphins
dolphins/00000160.jpg,dolphins
dolphins/00000262.jpg,dolphins
dolphins/00000211.jpg,dolphins
dolphins/00000087.jpg,dolphins
dolphins/00000037.jpg,dolphins
dolphins/00000040.jpg,dolphins
dolphins/00000244.jpg,dolphins
dolphins/00000203.jpg,dolphins
dolphins/00000004.jpg,dolphins
dolphins/00000277.jpg,dolphins
dolphins/00000205.jpg,dolphins
dolphins/00000019.jpg,dolphins
dolphins/00000179.jpg,dolphins
dolphins/00000057.jpg,dolphins
dolphins/00000290.jpg,dolphins
dolphins/00000094.jpg,dolphins
dolphins/00000239.jpg,dolphins
dolphins/00000254.jpg,dolphins
dolphins/00000278.jpg,dolphins
dolphins/00000105.jpg,dolphins
dolphins/00000237.jpg,dolphins
dolphins/00000137.jpg,dolphins
dolphins/00000091.jpg,dolphins
dolphins/00000285.jpg,dolphins
dolphins/00000310.jpg,dolphins
dolphins/00000082.jpg,dolphins
dolphins/00000316.jpg,dolphins
dolphins/00000224.jpg,dolphins
dolphins/00000089.jpg,dolphins
dolphins/00000051.jpg,dolphins
dolphins/00000099.jpg,dolphins
dolphins/00000112.jpg,dolphins
dolphins/00000070.jpg,dolphins
dolphins/00000067.jpg,dolphins
dolphins/00000167.jpg,dolphins
dolphins/00000081.jpg,dolphins
dolphins/00000056.jpg,dolphins
dolphins/00000173.jpg,dolphins
dolphins/00000226.jpg,dolphins
dolphins/00000109.jpg,dolphins
dolphins/00000030.jpg,dolphins
dolphins/00000170.jpg,dolphins
dolphins/00000133.jpg,dolphins
dolphins/00000263.jpg,dolphins
dolphins/00000306.jpg,dolphins
dolphins/00000247.jpg,dolphins
dolphins/00000286.jpg,dolphins
dolphins/00000050.jpg,dolphins
dolphins/00000311.jpg,dolphins
dolphins/00000003.jpg,dolphins
dolphins/00000034.jpg,dolphins
dolphins/00000066.jpg,dolphins
dolphins/00000009.jpg,dolphins
dolphins/00000318.jpg,dolphins
dolphins/00000145.jpg,dolphins
dolphins/00000232.jpg,dolphins
dolphins/00000135.jpg,dolphins
dolphins/00000020.jpg,dolphins
dolphins/00000192.jpg,dolphins
dolphins/00000246.jpg,dolphins
dolphins/00000183.jpg,dolphins
dolphins/00000292.jpg,dolphins
dolphins/00000141.jpg,dolphins
dolphins/00000113.jpg,dolphins
dolphins/00000155.jpg,dolphins
dolphins/00000029.jpg,dolphins
dolphins/00000114.jpg,dolphins
dolphins/00000185.jpg,dolphins
dolphins/00000018.jpg,dolphins
dolphins/00000015.jpg,dolphins
dolphins/00000271.jpg,dolphins
dolphins/00000042.jpg,dolphins
dolphins/00000006.jpg,dolphins
dolphins/00000298.jpg,dolphins
dolphins/00000163.jpg,dolphins
dolphins/00000060.jpg,dolphins
dolphins/00000234.jpg,dolphins
dolphins/00000138.jpg,dolphins
dolphins/00000283.jpg,dolphins
dolphins/00000102.jpg,dolphins
dolphins/00000058.jpg,dolphins
dolphins/00000047.jpg,dolphins
dolphins/00000209.jpg,dolphins
dolphins/00000142.jpg,dolphins
dolphins/00000074.jpg,dolphins
dolphins/00000119.jpg,dolphins
dolphins/00000129.jpg,dolphins
dolphins/00000229.jpg,dolphins
dolphins/00000169.jpg,dolphins
dolphins/00000071.jpg,dolphins
dolphins/00000181.jpg,dolphins
dolphins/00000255.jpg,dolphins
dolphins/00000110.jpg,dolphins
dolphins/00000168.jpg,dolphins
dolphins/00000036.jpg,dolphins
dolphins/00000139.jpg,dolphins
dolphins/00000043.jpg,dolphins
dolphins/00000251.jpg,dolphins
dolphins/00000027.jpg,dolphins
dolphins/00000193.jpg,dolphins
dolphins/00000184.jpg,dolphins
dolphins/00000053.jpg,dolphins
dolphins/00000309.jpg,dolphins
dolphins/00000008.jpg,dolphins
dolphins/00000231.jpg,dolphins
dolphins/00000084.jpg,dolphins
dolphins/00000241.jpg,dolphins
dolphins/00000253.jpg,dolphins
dolphins/00000158.jpg,dolphins
dolphins/00000107.jpg,dolphins
dolphins/00000046.jpg,dolphins
dolphins/00000197.jpg,dolphins
dolphins/00000024.jpg,dolphins
dolphins/00000016.jpg,dolphins
dolphins/00000150.jpg,dolphins
dolphins/00000021.jpg,dolphins
dolphins/00000125.jpg,dolphins
dolphins/00000202.jpg,dolphins
dolphins/00000190.jpg,dolphins
dolphins/00000289.jpg,dolphins
dolphins/00000191.jpg,dolphins
dolphins/00000258.jpg,dolphins
dolphins/00000072.jpg,dolphins
dolphins/00000307.jpg,dolphins
dolphins/00000153.jpg,dolphins
dolphins/00000296.jpg,dolphins
dolphins/00000068.jpg,dolphins
dolphins/00000106.jpg,dolphins
dolphins/00000134.jpg,dolphins
dolphins/00000076.jpg,dolphins
dolphins/00000146.jpg,dolphins
dolphins/00000256.jpg,dolphins
dolphins/00000143.jpg,dolphins
dolphins/00000044.jpg,dolphins
dolphins/00000275.jpg,dolphins
dolphins/00000025.jpg,dolphins
dolphins/00000279.jpg,dolphins
dolphins/00000312.jpg,dolphins
dolphins/00000052.jpg,dolphins
dolphins/00000064.jpg,dolphins
dolphins/00000065.jpg,dolphins
dolphins/00000038.jpg,dolphins
dolphins/00000315.jpg,dolphins
dolphins/00000242.jpg,dolphins
dolphins/00000200.jpg,dolphins
dolphins/00000157.jpg,dolphins
dolphins/00000225.jpg,dolphins
dolphins/00000201.jpg,dolphins
dolphins/00000014.jpg,dolphins
dolphins/00000117.jpg,dolphins
dolphins/00000282.jpg,dolphins
dolphins/00000118.jpg,dolphins
dolphins/00000063.jpg,dolphins
dolphins/00000151.jpg,dolphins
dolphins/00000103.jpg,dolphins
dolphins/00000206.jpg,dolphins
dolphins/00000303.jpg,dolphins
dolphins/00000250.jpg,dolphins
dolphins/00000086.jpg,dolphins
dolphins/00000026.jpg,dolphins
dolphins/00000257.jpg,dolphins
dolphins/00000156.jpg,dolphins
dolphins/00000236.jpg,dolphins
dolphins/00000140.jpg,dolphins
dolphins/00000176.jpg,dolphins
dolphins/00000199.jpg,dolphins
dolphins/00000171.jpg,dolphins
dolphins/00000267.jpg,dolphins
dolphins/00000100.jpg,dolphins
dolphins/00000208.jpg,dolphins
dolphins/00000180.jpg,dolphins
dolphins/00000308.jpg,dolphins
dolphins/00000161.jpg,dolphins
dolphins/00000127.jpg,dolphins
dolphins/00000096.jpg,dolphins
dolphins/00000280.jpg,dolphins
dolphins/00000178.jpg,dolphins
dolphins/00000172.jpg,dolphins
dolphins/00000213.jpg,dolphins
dolphins/00000187.jpg,dolphins
dolphins/00000164.jpg,dolphins
dolphins/00000059.jpg,dolphins
dolphins/00000131.jpg,dolphins
dolphins/00000115.jpg,dolphins
dolphins/00000116.jpg,dolphins
dolphins/00000166.jpg,dolphins
dolphins/00000299.jpg,dolphins
dolphins/00000013.jpg,dolphins
dolphins/00000149.jpg,dolphins
dolphins/00000245.jpg,dolphins
dolphins/00000078.jpg,dolphins
dolphins/00000147.jpg,dolphins
dolphins/00000304.jpg,dolphins
dolphins/00000177.jpg,dolphins
dolphins/00000069.jpg,dolphins
dolphins/00000120.jpg,dolphins
dolphins/00000080.jpg,dolphins
dolphins/00000000.jpg,dolphins
dolphins/00000005.jpg,dolphins
dolphins/00000154.jpg,dolphins
dolphins/00000111.jpg,dolphins
dolphins/00000314.jpg,dolphins
dolphins/00000272.jpg,dolphins
dolphins/00000095.jpg,dolphins
dolphins/00000077.jpg,dolphins
dolphins/00000017.jpg,dolphins
dolphins/00000260.jpg,dolphins
dolphins/00000295.jpg,dolphins
dolphins/00000302.jpg,dolphins
dolphins/00000222.jpg,dolphins
dolphins/00000045.jpg,dolphins
dolphins/00000198.jpg,dolphins
dolphins/00000297.jpg,dolphins
dolphins/00000233.jpg,dolphins
dolphins/00000294.jpg,dolphins
dolphins/00000093.jpg,dolphins
dolphins/00000259.jpg,dolphins
dolphins/00000230.jpg,dolphins
dolphins/00000287.jpg,dolphins
dolphins/00000252.jpg,dolphins
dolphins/00000002.jpg,dolphins
dolphins/00000174.jpg,dolphins
dolphins/00000054.jpg,dolphins
dolphins/00000079.jpg,dolphins
dolphins/00000061.jpg,dolphins
dolphins/00000223.jpg,dolphins
dolphins/00000132.jpg,dolphins
dolphins/00000182.jpg,dolphins
dolphins/00000249.jpg,dolphins
dolphins/00000284.jpg,dolphins
dolphins/00000048.jpg,dolphins
dolphins/00000194.jpg,dolphins
dolphins/00000108.jpg,dolphins
dolphins/00000022.jpg,dolphins
dolphins/00000313.jpg,dolphins
dolphins/00000261.jpg,dolphins
dolphins/00000122.jpg,dolphins
dolphins/00000073.jpg,dolphins
dolphins/00000148.jpg,dolphins
dolphins/00000220.jpg,dolphins
dolphins/00000031.jpg,dolphins
dolphins/00000268.jpg,dolphins
dolphins/00000049.jpg,dolphins
dolphins/00000248.jpg,dolphins
dolphins/00000219.jpg,dolphins
dolphins/00000235.jpg,dolphins
dolphins/00000238.jpg,dolphins
dolphins/00000217.jpg,dolphins
dolphins/00000121.jpg,dolphins
dolphins/00000273.jpg,dolphins
dolphins/00000317.jpg,dolphins
dolphins/00000104.jpg,dolphins
dolphins/00000028.jpg,dolphins
dolphins/00000218.jpg,dolphins
dolphins/00000097.jpg,dolphins
dolphins/00000216.jpg,dolphins
dolphins/00000090.jpg,dolphins
dolphins/00000221.jpg,dolphins
dolphins/00000010.jpg,dolphins
dolphins/00000215.jpg,dolphins
dolphins/00000243.jpg,dolphins
dolphins/00000175.jpg,dolphins
dolphins/00000301.jpg,dolphins
dolphins/00000281.jpg,dolphins
dolphins/00000001.jpg,dolphins
dolphins/00000007.jpg,dolphins
dolphins/00000274.jpg,dolphins
dolphins/00000144.jpg,dolphins
dolphins/00000207.jpg,dolphins
dolphins/00000123.jpg,dolphins
dolphins/00000055.jpg,dolphins
dolphins/00000228.jpg,dolphins
dolphins/00000032.jpg,dolphins
dolphins/00000035.jpg,dolphins
greatwhite/00000023.jpg,greatwhite
greatwhite/00000011.jpg,greatwhite
greatwhite/00000088.jpg,greatwhite
greatwhite/00000124.jpg,greatwhite
greatwhite/00000033.jpg,greatwhite
greatwhite/00000136.jpg,greatwhite
greatwhite/00000075.jpg,greatwhite
greatwhite/00000269.jpg,greatwhite
greatwhite/00000162.jpg,greatwhite
greatwhite/00000264.jpg,greatwhite
greatwhite/00000012.jpg,greatwhite
greatwhite/00000293.jpg,greatwhite
greatwhite/00000265.jpg,greatwhite
greatwhite/00000188.jpg,greatwhite
greatwhite/00000083.jpg,greatwhite
greatwhite/00000160.jpg,greatwhite
greatwhite/00000189.jpg,greatwhite
greatwhite/00000211.jpg,greatwhite
greatwhite/00000087.jpg,greatwhite
greatwhite/00000040.jpg,greatwhite
greatwhite/00000203.jpg,greatwhite
greatwhite/00000004.jpg,greatwhite
greatwhite/00000277.jpg,greatwhite
greatwhite/00000205.jpg,greatwhite
greatwhite/00000019.jpg,greatwhite
greatwhite/00000179.jpg,greatwhite
greatwhite/00000057.jpg,greatwhite
greatwhite/00000094.jpg,greatwhite
greatwhite/00000239.jpg,greatwhite
greatwhite/00000254.jpg,greatwhite
greatwhite/00000278.jpg,greatwhite
greatwhite/00000105.jpg,greatwhite
greatwhite/00000227.jpg,greatwhite
greatwhite/00000237.jpg,greatwhite
greatwhite/00000285.jpg,greatwhite
greatwhite/00000310.jpg,greatwhite
greatwhite/00000082.jpg,greatwhite
greatwhite/00000316.jpg,greatwhite
greatwhite/00000224.jpg,greatwhite
greatwhite/00000089.jpg,greatwhite
greatwhite/00000051.jpg,greatwhite
greatwhite/00000099.jpg,greatwhite
greatwhite/00000112.jpg,greatwhite
greatwhite/00000067.jpg,greatwhite
greatwhite/00000081.jpg,greatwhite
greatwhite/00000056.jpg,greatwhite
greatwhite/00000173.jpg,greatwhite
greatwhite/00000226.jpg,greatwhite
greatwhite/00000109.jpg,greatwhite
greatwhite/00000030.jpg,greatwhite
greatwhite/00000133.jpg,greatwhite
greatwhite/00000263.jpg,greatwhite
greatwhite/00000306.jpg,greatwhite
greatwhite/00000247.jpg,greatwhite
greatwhite/00000286.jpg,greatwhite
greatwhite/00000050.jpg,greatwhite
greatwhite/00000311.jpg,greatwhite
greatwhite/00000003.jpg,greatwhite
greatwhite/00000034.jpg,greatwhite
greatwhite/00000066.jpg,greatwhite
greatwhite/00000145.jpg,greatwhite
greatwhite/00000135.jpg,greatwhite
greatwhite/00000192.jpg,greatwhite
greatwhite/00000246.jpg,greatwhite
greatwhite/00000292.jpg,greatwhite
greatwhite/00000113.jpg,greatwhite
greatwhite/00000029.jpg,greatwhite
greatwhite/00000114.jpg,greatwhite
greatwhite/00000185.jpg,greatwhite
greatwhite/00000018.jpg,greatwhite
greatwhite/00000015.jpg,greatwhite
greatwhite/00000271.jpg,greatwhite
greatwhite/00000042.jpg,greatwhite
greatwhite/00000298.jpg,greatwhite
greatwhite/00000163.jpg,greatwhite
greatwhite/00000060.jpg,greatwhite
greatwhite/00000234.jpg,greatwhite
greatwhite/00000138.jpg,greatwhite
greatwhite/00000283.jpg,greatwhite
greatwhite/00000102.jpg,greatwhite
greatwhite/00000058.jpg,greatwhite
greatwhite/00000142.jpg,greatwhite
greatwhite/00000074.jpg,greatwhite
greatwhite/00000129.jpg,greatwhite
greatwhite/00000229.jpg,greatwhite
greatwhite/00000169.jpg,greatwhite
greatwhite/00000071.jpg,greatwhite
greatwhite/00000181.jpg,greatwhite
greatwhite/00000255.jpg,greatwhite
greatwhite/00000110.jpg,greatwhite
greatwhite/00000036.jpg,greatwhite
greatwhite/00000139.jpg,greatwhite
greatwhite/00000251.jpg,greatwhite
greatwhite/00000027.jpg,greatwhite
greatwhite/00000193.jpg,greatwhite
greatwhite/00000184.jpg,greatwhite
greatwhite/00000053.jpg,greatwhite
greatwhite/00000309.jpg,greatwhite
greatwhite/00000008.jpg,greatwhite
greatwhite/00000231.jpg,greatwhite
greatwhite/00000291.jpg,greatwhite
greatwhite/00000186.jpg,greatwhite
greatwhite/00000084.jpg,greatwhite
greatwhite/00000241.jpg,greatwhite
greatwhite/00000253.jpg,greatwhite
greatwhite/00000158.jpg,greatwhite
greatwhite/00000024.jpg,greatwhite
greatwhite/00000016.jpg,greatwhite
greatwhite/00000150.jpg,greatwhite
greatwhite/00000021.jpg,greatwhite
greatwhite/00000125.jpg,greatwhite
greatwhite/00000202.jpg,greatwhite
greatwhite/00000319.jpg,greatwhite
greatwhite/00000190.jpg,greatwhite
greatwhite/00000289.jpg,greatwhite
greatwhite/00000270.jpg,greatwhite
greatwhite/00000191.jpg,greatwhite
greatwhite/00000258.jpg,greatwhite
greatwhite/00000307.jpg,greatwhite
greatwhite/00000165.jpg,greatwhite
greatwhite/00000153.jpg,greatwhite
greatwhite/00000296.jpg,greatwhite
greatwhite/00000106.jpg,greatwhite
greatwhite/00000159.jpg,greatwhite
greatwhite/00000076.jpg,greatwhite
greatwhite/00000256.jpg,greatwhite
greatwhite/00000143.jpg,greatwhite
greatwhite/00000044.jpg,greatwhite
greatwhite/00000025.jpg,greatwhite
greatwhite/00000279.jpg,greatwhite
greatwhite/00000312.jpg,greatwhite
greatwhite/00000052.jpg,greatwhite
greatwhite/00000064.jpg,greatwhite
greatwhite/00000065.jpg,greatwhite
greatwhite/00000315.jpg,greatwhite
greatwhite/00000242.jpg,greatwhite
greatwhite/00000200.jpg,greatwhite
greatwhite/00000157.jpg,greatwhite
greatwhite/00000225.jpg,greatwhite
greatwhite/00000201.jpg,greatwhite
greatwhite/00000014.jpg,greatwhite
greatwhite/00000282.jpg,greatwhite
greatwhite/00000126.jpg,greatwhite
greatwhite/00000063.jpg,greatwhite
greatwhite/00000151.jpg,greatwhite
greatwhite/00000276.jpg,greatwhite
greatwhite/00000206.jpg,greatwhite
greatwhite/00000303.jpg,greatwhite
greatwhite/00000250.jpg,greatwhite
greatwhite/00000196.jpg,greatwhite
greatwhite/00000257.jpg,greatwhite
greatwhite/00000156.jpg,greatwhite
greatwhite/00000085.jpg,greatwhite
greatwhite/00000236.jpg,greatwhite
greatwhite/00000176.jpg,greatwhite
greatwhite/00000199.jpg,greatwhite
greatwhite/00000267.jpg,greatwhite
greatwhite/00000180.jpg,greatwhite
greatwhite/00000308.jpg,greatwhite
greatwhite/00000161.jpg,greatwhite
greatwhite/00000096.jpg,greatwhite
greatwhite/00000280.jpg,greatwhite
greatwhite/00000098.jpg,greatwhite
greatwhite/00000178.jpg,greatwhite
greatwhite/00000172.jpg,greatwhite
greatwhite/00000164.jpg,greatwhite
greatwhite/00000059.jpg,greatwhite
greatwhite/00000131.jpg,greatwhite
greatwhite/00000115.jpg,greatwhite
greatwhite/00000116.jpg,greatwhite
greatwhite/00000166.jpg,greatwhite
greatwhite/00000299.jpg,greatwhite
greatwhite/00000013.jpg,greatwhite
greatwhite/00000149.jpg,greatwhite
greatwhite/00000078.jpg,greatwhite
greatwhite/00000147.jpg,greatwhite
greatwhite/00000304.jpg,greatwhite
greatwhite/00000062.jpg,greatwhite
greatwhite/00000177.jpg,greatwhite
greatwhite/00000130.jpg,greatwhite
greatwhite/00000069.jpg,greatwhite
greatwhite/00000120.jpg,greatwhite
greatwhite/00000080.jpg,greatwhite
greatwhite/00000000.jpg,greatwhite
greatwhite/00000005.jpg,greatwhite
greatwhite/00000154.jpg,greatwhite
greatwhite/00000111.jpg,greatwhite
greatwhite/00000272.jpg,greatwhite
greatwhite/00000095.jpg,greatwhite
greatwhite/00000260.jpg,greatwhite
greatwhite/00000295.jpg,greatwhite
greatwhite/00000302.jpg,greatwhite
greatwhite/00000204.jpg,greatwhite
greatwhite/00000222.jpg,greatwhite
greatwhite/00000045.jpg,greatwhite
greatwhite/00000198.jpg,greatwhite
greatwhite/00000297.jpg,greatwhite
greatwhite/00000294.jpg,greatwhite
greatwhite/00000093.jpg,greatwhite
greatwhite/00000259.jpg,greatwhite
greatwhite/00000230.jpg,greatwhite
greatwhite/00000287.jpg,greatwhite
greatwhite/00000252.jpg,greatwhite
greatwhite/00000002.jpg,greatwhite
greatwhite/00000174.jpg,greatwhite
greatwhite/00000054.jpg,greatwhite
greatwhite/00000079.jpg,greatwhite
greatwhite/00000061.jpg,greatwhite
greatwhite/00000288.jpg,greatwhite
greatwhite/00000128.jpg,greatwhite
greatwhite/00000182.jpg,greatwhite
greatwhite/00000249.jpg,greatwhite
greatwhite/00000284.jpg,greatwhite
greatwhite/00000048.jpg,greatwhite
greatwhite/00000240.jpg,greatwhite
greatwhite/00000108.jpg,greatwhite
greatwhite/00000022.jpg,greatwhite
greatwhite/00000101.jpg,greatwhite
greatwhite/00000092.jpg,greatwhite
greatwhite/00000212.jpg,greatwhite
greatwhite/00000313.jpg,greatwhite
greatwhite/00000261.jpg,greatwhite
greatwhite/00000073.jpg,greatwhite
greatwhite/00000220.jpg,greatwhite
greatwhite/00000031.jpg,greatwhite
greatwhite/00000268.jpg,greatwhite
greatwhite/00000248.jpg,greatwhite
greatwhite/00000235.jpg,greatwhite
greatwhite/00000238.jpg,greatwhite
greatwhite/00000217.jpg,greatwhite
greatwhite/00000273.jpg,greatwhite
greatwhite/00000041.jpg,greatwhite
greatwhite/00000317.jpg,greatwhite
greatwhite/00000104.jpg,greatwhite
greatwhite/00000218.jpg,greatwhite
greatwhite/00000097.jpg,greatwhite
greatwhite/00000216.jpg,greatwhite
greatwhite/00000215.jpg,greatwhite
greatwhite/00000243.jpg,greatwhite
greatwhite/00000175.jpg,greatwhite
greatwhite/00000301.jpg,greatwhite
greatwhite/00000281.jpg,greatwhite
greatwhite/00000001.jpg,greatwhite
greatwhite/00000144.jpg,greatwhite
greatwhite/00000055.jpg,greatwhite
greatwhite/00000228.jpg,greatwhite
greatwhite/00000035.jpg,greatwhite
